tick,stage,month,north_mm,south_mm,pool_mm,canal_mm,lake_mm,poolN_mgL,poolP_mgL,canalN_mgL,canalP_mgL,lakeN_mgL,lakeP_mgL,target_mm,defN_mm,defS_mm,delta_lake_L,delta_N_to_lake_mg,delta_P_to_lake_mg,irrigateN_mm,irrigateS_mm,drainN_mm,drainS_mm,pool_ratio,control_mode,rain_today_mm,actual_loss_mm,growth_avg_pct,growthN_pct,growthS_pct
0,1,5,0.5150839464366898,0.5150839464366898,28.176951253874332,2.3873113010620792,386.74246819043196,0,0,0,0,0,0,15,14.48491605356331,14.48491605356331,0,0,0,1.9650839464366905,1.9650839464366905,0,0,0.5,agent,0,1.45,0,0,0
1,1,5,6.723023037827145,6.723023037827145,31.42113359321297,0,383.5467983439758,0,0,0,0,0,0,15,8.276976962172855,8.276976962172855,82630.4352198172,0,0,2.856466690292088,2.856466690292088,0,0,0.5575680156115642,agent,4.8014724010983585,1.45,0,0,0
2,1,5,12.310694980815624,12.310694980815624,48.19560216356264,0,376.9317156940751,0,0,0,0,0,0,15,2.689305019184376,2.689305019184376,171046.19207848381,0,0,3.142113359321297,3.142113359321297,0,0,0.8552309603924191,agent,3.895558583667179,1.45,0.5,0.5,0.5
3,1,5,13.549999999999956,13.549999999999956,48.19560216356264,0.13680287594668314,376.9317156940751,0,0,265.80089697297365,132.90044848648682,0,0,15,1.4500000000000437,1.4500000000000437,0,0,0,0,0,0.048858169980958266,0.048858169980958266,0.8552309603924191,agent,2.7381631891653075,1.45,1,1,1
4,1,5,13.550000000000022,13.550000000000022,48.19560216356264,3.8234744835864003,376.9317156940751,0,0,245.11960647978944,122.55980323989472,0,0,15,1.449999999999978,1.449999999999978,0,0,0,0,0,1.3166684312998989,1.3166684312998989,0.8552309603924191,agent,2.7666684312999665,1.45,1.5,1.5,1.5
5,1,5,14.341517951411769,14.341517951411769,48.19560216356264,12.2234744835864,376.9317156940751,0,0,210.71155007398033,105.35577503699017,0,0,15,0.6584820485882315,0.6584820485882315,0,0,0,0,0,3,3,0.8552309603924191,agent,5.241517951411701,1.45,2,2,2
6,1,5,12.89151795141174,12.89151795141174,48.19560216356264,12.2234744835864,376.9317156940751,0,0,210.71155007398033,105.35577503699017,0,0,15,2.108482048588259,2.108482048588259,0,0,0,0,0,0,0,0.8552309603924191,agent,0,1.45,2.5,2.5,2.5
7,2,5,13.54999999999997,13.54999999999997,48.19560216356264,12.845436109762502,376.9317156940751,0,0,210.30648735239012,105.15324367619506,0,0,35,21.45000000000003,21.45000000000003,0,0,0,0,0,0.2221291522057509,0.2221291522057509,0.8552309603924191,agent,2.330611200794002,1.45,2.300000000000008,2.3000000000000043,2.3000000000000043
8,2,5,16.000287596072038,16.000287596072038,48.19560216356264,10.948947071298527,376.9317156940751,29.55544919905644,14.77772459952822,210.30648735239012,105.15324367619506,0,0,35,18.999712403927962,18.999712403927962,0,0,0,0.6773175137371349,0.6773175137371349,0,0,0.8552309603924191,agent,4.092970082334923,2.32,2.100000000000007,2.099999999999996,2.099999999999996
9,2,5,20.180657252732093,20.180657252732093,48.19560216356264,5.506042675018688,376.9317156940751,102.458560688813,51.2292803444065,210.30648735239012,105.15324367619506,0,0,35,14.819342747267907,14.819342747267907,0,0,0,1.9438944272427996,1.9438944272427996,0,0,0.8552309603924191,agent,4.556475229417256,2.32,1.8999999999999944,1.9000000000000035,1.9000000000000035
10,2,5,19.826753434482036,19.826753434482036,48.19560216356264,9.733661188763756E-4,376.9317156940751,146.45415101327916,73.22707550663958,210.3064873524571,105.15324367622856,0,0,35,15.173246565517964,15.173246565517964,0,0,0,1.966096181749933,1.966096181749933,0,0,0.8552309603924191,agent,0,2.32,1.6999999999999935,1.6999999999999982,1.6999999999999982
11,2,5,25.952353672401856,25.952353672401856,53.891669243003555,0,369.5348199156236,0,0,0,0,0,0,35,9.047646327598144,9.047646327598144,191261.53414341965,0,0,4.819907847113006,4.819907847113006,0,0,0.9563076707170981,agent,3.6256923908068472,2.32,1.4999999999999998,1.4999999999999998,1.4999999999999998
12,2,5,32.67999999999997,32.67999999999997,53.891669243003555,0,362.96471023781754,0,0,0,0,0,0,35,2.3200000000000287,2.3200000000000287,169883.32593903132,0,0,4.786794193830129,4.786794193830129,0,0,0.9563076707170981,agent,4.260852133768022,2.32,1.9999999999999998,1.9999999999999998,1.9999999999999998
13,2,5,32.680000000000156,32.680000000000156,53.891669243003555,5.667487351018906,362.96471023781754,0,0,108.03772992082531,54.01886496041266,0,0,35,2.319999999999844,2.319999999999844,0,0,0,0,0,2.024102625363895,2.024102625363895,0.9563076707170981,agent,4.344102625363943,2.32,2.5,2.5,2.5
14,2,5,32.68000000000015,32.68000000000015,53.891669243003555,6.964616391439064,362.96471023781754,0,0,107.7748799563433,53.88743997817165,0,0,35,2.319999999999851,2.319999999999851,0,0,0,0,0,0.46326037157862743,0.46326037157862743,0.9563076707170981,agent,2.783260371578606,2.32,3,3,3
15,2,5,32.67999999999987,32.67999999999987,53.891669243003555,8.446346325561798,362.96471023781754,0,0,107.29480142858985,53.647400714294925,0,0,35,2.320000000000128,2.320000000000128,0,0,0,0,0,0.5291892621866907,0.5291892621866907,0.9563076707170981,agent,2.8491892621865786,2.32,3.5,3.5,3.5
16,2,5,32.04695914506828,32.04695914506828,53.891669243003555,3.722860719370596,362.96471023781754,33.58625721390954,16.79312860695477,107.29480142858984,53.64740071429492,0,0,35,2.9530408549317215,2.9530408549317215,0,0,0,1.6869591450682868,1.6869591450682868,0,0,0.9563076707170981,agent,0,2.32,4,4,4
17,3,5,32.29330757516167,32.29330757516167,53.89166924300355,0,361.26720294130223,44.06364480896633,22.031822404483165,0,0,0,0,25,0,0,43892.44616599544,0,0,2.566348430093484,2.566348430093484,0,0,0.956307670717098,agent,0,2.32,3.7999999999999887,3.800000000000007,3.800000000000007
18,3,5,29.866291449695503,29.866291449695503,53.89166924300355,8.4,361.26720294130223,44.06364480896633,22.031822404483165,189.07561809539985,52.59887886508048,0,0,25,0,0,0,0,0,0,0,3,3,0.956307670717098,agent,3.4729838745338206,2.9,4.299999999999985,4.300000000000008,4.300000000000008
19,3,5,28.485728680953336,28.485728680953336,53.89166924300355,15.779092702169626,361.7676476951407,44.06364480896633,22.031822404483165,184.6232463235553,51.36027514743248,0.25539523959063654,0.07104831075135291,25,0,0,0,2389024.8074268056,664601.9604077763,0,0,3,3,0.956307670717098,agent,4.519437231257765,2.9,4.799999999999981,4.800000000000008,4.800000000000008
20,3,5,27.271346618178693,27.271346618178693,53.89166924300355,15.779092702169626,365.88529475396416,44.06364480896633,22.031822404483165,179.70708394115783,49.992649684998085,2.274931768599822,0.6328624585668703,25,0,0,0,1.913341322721507E7,5322717.411961747,0,0,3,3,0.956307670717098,agent,4.685617937225405,2.9,5.299999999999979,5.300000000000003,5.300000000000003
21,3,5,26.372771380315957,26.372771380315957,53.89166924300355,15.779092702169626,370.0029418127877,44.06364480896633,22.031822404483165,172.64253577017055,48.02736554511074,4.1708995684743115,1.1603010656292245,25,0,0,0,1.8381250783450067E7,5113473.609587941,0,0,3,3,0.956307670717098,agent,5.001424762137264,2.9,5.799999999999978,5.799999999999999,5.799999999999999
22,3,5,22.69633192049518,22.69633192049518,53.89166924300355,15.779092702169626,374.12058887161123,44.06364480896633,22.031822404483165,169.34195971867345,47.10917946873317,5.988805747018339,1.6660237380526608,25,2.3036680795048206,2.3036680795048206,0,1.802983845124717E7,5015714.338036019,0,0,3,3,0.956307670717098,agent,2.2235605401792204,2.9,6.299999999999975,6.299999999999995,6.299999999999995
23,3,5,22.100000000000062,22.100000000000062,53.89166924300355,15.779092702169626,375.50852432740106,44.06364480896633,22.031822404483165,168.00280978007368,46.736641824207,6.587633645625229,1.832611457913833,25,2.899999999999938,2.899999999999938,0,6029259.146457635,1677277.4548365697,0,0,1.011210117789723,1.011210117789723,0.956307670717098,agent,3.3148781972945454,2.9,6.799999999999974,6.799999999999993,6.799999999999993
24,3,5,22.099999999999962,22.099999999999962,53.89166924300355,15.779092702169626,375.9938357378648,44.06364480896633,22.031822404483165,167.43001896929346,46.57729735253611,6.795239828132443,1.8903653478936036,25,2.9000000000000377,2.9000000000000377,0,2101028.600250572,584484.3980935179,0,0,0.35358402762358665,0.35358402762358665,0.956307670717098,agent,3.2535840276235657,2.9,7.299999999999973,7.29999999999999,7.29999999999999
25,3,5,21.113909866158636,21.113909866158636,53.89166924300355,15.779092702169626,375.9938357378648,44.06364480896633,22.031822404483165,167.43001896929346,46.57729735253611,6.795239828132443,1.8903653478936036,25,3.886090133841364,3.886090133841364,0,0,0,0,0,0,0,0.956307670717098,agent,1.9139098661586549,2.9,7.799999999999972,7.799999999999988,7.799999999999988
26,3,5,18.589309662643032,18.589309662643032,53.89166924300355,14.727973272013347,375.9938357378648,52.65712732738279,23.741616595225903,167.43001896929346,46.57729735253611,6.795239828132443,1.8903653478936036,25,6.410690337356968,6.410690337356968,0,0,0,0.3753997964843851,0.3753997964843851,0,0,0.956307670717098,agent,0,2.9,7.599999999999977,7.600000000000014,7.600000000000014
27,3,5,16.00982196156203,16.00982196156203,53.89166924300355,13.830538835040116,375.9938357378648,59.48306608015338,25.099733098150207,167.43001896929346,46.57729735253611,6.795239828132443,1.8903653478936036,25,8.990178038437971,8.990178038437971,0,0,0,0.3205122989190115,0.3205122989190115,0,0,0.956307670717098,agent,0,2.9,7.400000000000021,7.399999999999986,7.399999999999986
28,3,5,16.3243027963515,16.3243027963515,53.89166924300355,12.933104398066884,375.9938357378648,65.90304277001852,26.377077739919248,167.43001896929346,46.57729735253611,6.795239828132443,1.8903653478936036,25,8.6756972036485,8.6756972036485,0,0,0,0.3205122989190115,0.3205122989190115,0,0,0.956307670717098,agent,2.893968535870398,2.9,7.200000000000027,7.200000000000009,7.200000000000009
29,3,5,14.03471784041222,14.03471784041222,53.89166924300355,11.223942274696773,375.9938357378648,77.40270394595831,28.665097041988506,167.43001896929346,46.57729735253611,6.795239828132443,1.8903653478936036,25,10.96528215958778,10.96528215958778,0,0,0,0.6104150440607542,0.6104150440607542,0,0,0.956307670717098,agent,0,2.9,6.999999999999999,6.999999999999999,6.999999999999999
30,3,5,12.693901497292016,12.693901497292016,53.89166924300355,6.858228035433417,375.9938357378648,103.44923771061325,33.84742120734888,167.43001896929346,46.57729735253611,6.795239828132443,1.8903653478936036,25,12.306098502707984,12.306098502707984,0,0,0,1.55918365687977,1.55918365687977,0,0,0.956307670717098,agent,0,2.9,6.799999999999974,6.799999999999993,6.799999999999993
31,3,6,11.524793468917682,11.524793468917682,53.89166924300355,2.0117305148815663,375.9938357378648,123.99857718637358,37.93600126601057,167.43001896929349,46.5772973525361,6.795239828132443,1.8903653478936036,25,13.475206531082318,13.475206531082318,0,0,0,1.7308919716256612,1.7308919716256612,0,0,0.956307670717098,agent,0,2.9,6.599999999999988,6.600000000000013,6.600000000000013
32,3,6,12.206924026408545,12.206924026408545,53.89166924300355,0,372.063328362329,67.51015179798871,19.93438365797486,0,0,6.795239828132443,1.8903653478936036,25,12.793075973591455,12.793075973591455,101631.12920922774,0,0,3.5821305574908866,3.5821305574908866,0,0,0.956307670717098,agent,0,2.9,6.400000000000008,6.399999999999987,6.399999999999987
33,3,6,14.30152536759194,14.30152536759194,54.94061475301768,0,365.06402027501656,11.155586859735983,3.186227914829792,0,0,6.795239828132443,1.8903653478936036,25,10.69847463240806,10.69847463240806,180981.10921363987,0,0,4.994601341183424,4.994601341183424,0,0,0.9749212087922987,agent,0,2.9,6.200000000000024,6.200000000000003,6.200000000000003
34,3,6,16.396126708775437,16.396126708775437,54.94061475301768,0,358.2086851008432,7.191635012823675,2.0081710357968943,0,0,6.795239828132443,1.8903653478936038,25,8.603873291224563,8.603873291224563,177258.40159859962,0,0,4.994601341183424,4.994601341183424,0,0,0.9749212087922987,agent,0,2.9,5.999999999999999,5.999999999999999,5.999999999999999
35,3,6,22.100000000000062,22.100000000000062,54.94061475301768,0,351.8464951592094,6.857198549320868,1.908779017012456,0,0,6.795239828132443,1.8903653478936038,25,2.899999999999938,2.899999999999938,164507.14532082458,0,0,4.635309814618896,4.635309814618896,0,0,0.9749212087922987,agent,3.9685634766057305,2.9,6.499999999999999,6.499999999999999,6.499999999999999
36,3,6,22.10000000000007,22.10000000000007,54.94061475301768,3.543762510866265,351.8464951592094,6.857198549320868,1.908779017012456,198.75397690592555,57.29642891333594,6.795239828132443,1.8903653478936038,25,2.899999999999931,2.899999999999931,0,0,0,0,0,1.265629468166523,1.265629468166523,0.9749212087922987,agent,4.165629468166549,2.9,6.999999999999999,6.999999999999999,6.999999999999999
37,3,6,21.936613193920024,21.936613193920024,54.94061475301768,0,349.82749788856745,51.04656161982913,14.663124047311442,0,0,6.795239828132443,1.8903653478936038,25,3.0633868060799756,3.0633868060799756,52205.21242698911,0,0,2.736613193919947,2.736613193919947,0,0,0.9749212087922987,agent,0,2.9,7.499999999999999,7.499999999999999,7.499999999999999
38,4,6,22.09999999999995,22.09999999999995,54.94061475301768,0,345.62284933120276,26.372845110161347,7.541270632868043,0,0,6.795239828132443,1.8903653478936038,0,0,0,108719.59774777829,0,0,3.0633868060799756,3.0633868060799756,0,0,0.9749212087922987,agent,0,2.9,7.299999999999973,7.29999999999999,7.29999999999999
39,4,6,19.72939423423348,19.72939423423348,54.94061475301768,8.4,345.62284933120276,26.372845110161347,7.541270632868043,196.26513455677852,56.56571533735199,6.795239828132443,1.8903653478936038,0,0,0,0,0,0,0,0,3,3,0.9749212087922987,agent,4.109394234233461,3.48,7.099999999999983,7.100000000000013,7.100000000000013
40,4,6,13.24939423423346,13.24939423423346,54.94061475301768,15.779092702169626,346.1232940850412,26.372845110161347,7.541270632868043,213.57440062315553,61.55443133737041,7.094212905042878,1.9766310495304509,0,0,0,0,2763652.744063638,796514.3415055722,0,0,3,3,0.9749212087922987,agent,0,3.48,6.9000000000000155,6.899999999999986,6.899999999999986
41,4,6,6.769394234233451,6.769394234233451,54.94061475301768,15.779092702169626,350.2409411438647,26.372845110161347,7.541270632868043,240.65540251845948,69.35946633617144,9.840101327812885,2.768824939334039,0,0,0,0,2.5622580706140384E7,7384702.380812176,0,0,3,3,0.9749212087922987,agent,0,3.48,7.40000000000002,7.399999999999985,7.399999999999985
42,4,6,0.2893942342334413,0.2893942342334413,54.94061475301768,15.779092702169626,354.3585882026882,26.372845110161347,7.541270632868043,310.3932895742627,89.45867283219718,13.332529599073393,3.7761610364113074,0,0,0,0,3.304757354097174E7,9524664.896444038,0,0,3,3,0.9749212087922987,agent,0,3.48,7.900000000000025,7.899999999999985,7.899999999999985
43,4,6,0,0,54.94061475301768,15.779092702169626,354.7557959751655,26.372845110161347,7.541270632868043,576.0501347752233,166.0238229134474,13.962585003443476,3.957824121539125,0,0,0,0,5916381.305107459,1705164.5035564005,0,0,0.2893942342334413,0.2893942342334413,0.9749212087922987,agent,0,3.48,8.400000000000029,8.399999999999984,8.399999999999984
44,4,6,0,0,54.94061475301768,15.779092702169626,358.873443033989,26.372845110161347,7.541270632868043,375.9259534539911,108.34588893754523,18.11568529111535,5.1555533389256505,0,0,0,0,4.0024836264246434E7,1.153558679518044E7,0,0,3,3,0.9749212087922987,agent,5.2402116074042615,3.48,8.900000000000032,8.899999999999984,8.899999999999984
45,4,6,0,0,54.94061475301768,15.779092702169626,358.873443033989,26.372845110161347,7.541270632868043,375.9259534539911,108.34588893754523,18.11568529111535,5.1555533389256505,0,0,0,0,0,0,0,0,0,0,0.9749212087922987,agent,0,3.48,9.400000000000036,9.399999999999984,9.399999999999984
46,4,6,0,0,54.94061475301768,15.779092702169626,362.99109009281256,26.372845110161347,7.541270632868043,245.3264289842341,70.70570622739272,20.693086434107215,5.8991319049384305,0,0,0,0,2.6119904893951416E7,7528036.542030506,0,0,3,3,0.9749212087922987,agent,4.07717694360597,3.48,9.900000000000038,9.899999999999984,9.899999999999984
47,4,6,0,0,54.94061475301768,15.779092702169626,362.99109009281256,26.372845110161347,7.541270632868043,245.3264289842341,70.70570622739272,20.693086434107215,5.8991319049384305,0,0,0,0,0,0,0,0,0,0,0.9749212087922987,agent,0,3.48,10.400000000000041,10.399999999999991,10.399999999999991
48,4,6,0,0,54.94061475301768,15.779092702169626,367.1087371516361,26.372845110161347,7.541270632868043,160.09816881537125,46.142008175281575,22.256712873254486,6.350513047209452,0,0,0,0,1.7045652033772558E7,4912739.610422231,0,0,3,3,0.9749212087922987,agent,5.839456071979467,3.48,10.900000000000043,10.899999999999995,10.899999999999995
49,4,6,0,0,54.94061475301768,15.779092702169626,367.1087371516361,26.372845110161347,7.541270632868043,160.09816881537125,46.142008175281575,22.256712873254486,6.350513047209452,0,0,0,0,0,0,0,0,0,0,0.9749212087922987,agent,0,3.48,11.400000000000045,11.4,11.4
50,4,6,0,0,54.94061475301768,15.779092702169626,371.2263842104596,26.372845110161347,7.541270632868043,104.47885196943992,30.11192493574025,23.168721727203955,6.614074884238886,0,0,0,0,1.1123863369186282E7,3206016.647908263,0,0,3,3,0.9749212087922987,agent,3.432210797404071,3.48,11.900000000000045,11.900000000000002,11.900000000000002
51,4,6,0,0,54.94061475301768,15.779092702169626,375.3440312692831,26.372845110161347,7.541270632868043,68.18210720099188,19.65081406711277,23.66253332100244,6.7570921864495554,0,0,0,0,7259348.953689605,2092222.1737254933,0,0,3,3,0.9749212087922987,agent,3.0006897242338546,3.48,12.400000000000048,12.400000000000006,12.400000000000006
52,5,6,0,0,54.94061475301768,15.779092702169626,379.46167832810664,26.372845110161347,7.541270632868043,44.49512657094781,12.823972373878533,23.888593740861577,6.822925636272652,25,25,25,0,4737396.126008809,1365368.338646844,0,0,3,3,0.9749212087922987,agent,6.254256360032761,3.48,12.199999999999989,12.200000000000024,12.200000000000024
53,5,6,2.7466278713948413,2.7466278713948413,54.94061475301768,12.631801312394343,379.46167832810664,30.080491256889818,8.622061083935419,44.49512657094781,12.823972373878533,23.888593740861577,6.822925636272652,25,22.253372128605157,22.253372128605157,0,0,0,1.1240326392054583,1.1240326392054583,0,0,0.9749212087922987,agent,4.522595232189381,2.9,12,12,12
54,5,6,4.413273169282645,4.413273169282645,54.94061475301768,9.48450992261906,379.46167832810664,33.029588322527374,9.481732104759324,44.495126570947804,12.823972373878533,23.888593740861577,6.822925636272652,25,20.586726830717353,20.586726830717353,0,0,0,1.1240326392054583,1.1240326392054583,0,0,0.9749212087922987,agent,3.442612658682336,2.9,11.800000000000004,11.799999999999976,11.799999999999976
55,5,6,7.887001151245152,7.887001151245152,54.94061475301768,3.770583690718879,379.46167832810664,37.28829305925703,10.723157858787705,44.49512657094781,12.823972373878535,23.888593740861577,6.822925636272652,25,17.11299884875485,17.11299884875485,0,0,0,2.04068793996435,2.04068793996435,0,0,0.9749212087922987,agent,4.333040041998161,2.9,11.599999999999955,11.6,11.6
56,5,6,11.73934427557335,11.73934427557335,54.94061475301768,0,378.9014277847302,38.059210098684,10.948315138061128,0,0,23.888593740861577,6.822925636272651,25,13.26065572442665,13.26065572442665,14486.39830008545,0,0,1.7548195711453134,1.7548195711453134,0,0,0.9749212087922987,agent,4.997523553182916,2.9,11.400000000000045,11.4,11.4
57,5,6,13.128605124153033,13.128605124153033,54.94061475301768,0,373.01420701216983,26.996088541509952,7.727588221424104,0,0,23.88859374086158,6.822925636272651,25,11.871394875846967,11.871394875846967,152225.86751609272,0,0,4.289260848579675,4.289260848579675,0,0,0.9749212087922987,agent,0,2.9,11.200000000000005,11.200000000000022,11.200000000000022
58,5,6,19.58423128176828,19.58423128176828,54.94061475301768,0,366.1907242554861,24.184219238924868,6.908988958811057,0,0,23.888593740861577,6.822925636272651,25,5.415768718231721,5.415768718231721,176434.79363957304,0,0,4.971394579869629,4.971394579869629,0,0,0.9749212087922987,agent,4.3842315777455765,2.9,11.000000000000002,11.000000000000002,11.000000000000002
59,5,6,21.31609835031642,21.31609835031642,54.94061475301768,0,366.1907242554861,24.184219238924868,6.908988958811057,0,0,23.888593740861577,6.822925636272651,25,3.6839016496835804,3.6839016496835804,0,0,0,0,0,0,0,0.9749212087922987,agent,4.631867068548147,2.9,11.500000000000002,11.500000000000002,11.500000000000002
60,5,6,22.100000000000062,22.100000000000062,54.94061475301768,5.914352232551593,366.1907242554861,24.184219238924868,6.908988958811057,91.9785364143676,5.226845732618082,23.888593740861577,6.822925636272651,25,2.899999999999938,2.899999999999938,0,0,0,0,0,2.112268654482712,2.112268654482712,0.9749212087922987,agent,5.7961703041663375,2.9,12.000000000000002,12.000000000000002,12.000000000000002
61,5,7,22.151952351099027,22.151952351099027,54.94061475301768,14.314352232551594,366.1907242554861,24.184219238924868,6.908988958811057,86.10622961302319,4.893141338726067,23.888593740861577,6.822925636272651,25,2.848047648900973,2.848047648900973,0,0,0,0,0,3,3,0.9749212087922987,agent,5.951952351098979,2.9,12.500000000000002,12.500000000000002,12.500000000000002
62,5,7,22.099999999999948,22.099999999999948,54.94061475301768,15.779092702169626,367.2577111847912,24.184219238924868,6.908988958811057,84.47856861377694,4.800646575494216,24.064624656666634,6.817050346906235,25,2.900000000000052,2.900000000000052,0,2330686.0748720467,132445.42737270892,0,0,1.3004977876430495,1.3004977876430495,0.9749212087922987,agent,4.1485454365440235,2.9,13.000000000000002,13.000000000000002,13.000000000000002
63,5,7,22.09999999999995,22.09999999999995,54.94061475301768,15.779092702169626,370.05041069967467,24.184219238924868,6.908988958811057,81.22236249991907,4.615606807585012,24.495983147648644,6.8004364745079275,25,2.9000000000000483,2.9000000000000483,0,5865134.3208452165,333296.80478969216,0,0,2.0346810751293525,2.0346810751293525,0.9749212087922987,agent,4.934681075129358,2.9,13.500000000000002,13.500000000000002,13.500000000000002
64,5,7,19.629035861681135,19.629035861681135,54.94061475301768,14.577792289462412,370.05041069967467,28.63837561352737,6.7298968259984395,81.22236249991909,4.615606807585012,24.495983147648644,6.8004364745079275,25,5.370964138318865,5.370964138318865,0,0,0,0.42903586168114816,0.42903586168114816,0,0,0.9749212087922987,agent,0,2.9,13.300000000000026,13.299999999999976,13.299999999999976
65,5,7,21.18029716451495,21.18029716451495,54.94061475301768,14.577792289462412,370.05041069967467,28.63837561352737,6.7298968259984395,81.22236249991909,4.615606807585012,24.495983147648644,6.8004364745079275,25,3.8197028354850495,3.8197028354850495,0,0,0,0,0,0,0,0.9749212087922987,agent,4.4512613028338155,2.9,13.800000000000031,13.799999999999974,13.799999999999974
66,5,7,22.099999999999962,22.099999999999962,54.94061475301768,15.779092702169626,370.39069098678425,28.63837561352737,6.7298968259984395,80.01211095165596,4.557473030355036,24.546986167886633,6.7983758497046445,25,2.9000000000000377,2.9000000000000377,0,703996.7504543364,40099.507005780935,0,0,0.6769543565752905,0.6769543565752905,0.9749212087922987,agent,4.496657192060357,2.9,14.300000000000036,14.299999999999974,14.299999999999974
67,5,7,22.099999999999955,22.099999999999955,54.94061475301768,15.779092702169626,372.5426463341242,28.63837561352737,6.7298968259984395,77.07798807022324,4.4073611348265045,24.85042624798815,6.784564392273176,25,2.9000000000000448,2.9000000000000448,0,4288858.923769563,245239.27786171436,0,0,1.567853181633378,1.567853181633378,0.9749212087922987,agent,4.467853181633354,2.9,14.800000000000042,14.799999999999974,14.799999999999974
68,5,7,22.099999999999923,22.099999999999923,54.94061475301768,15.779092702169626,373.4355861961975,28.63837561352737,6.7298968259984395,75.81185636371752,4.341366941880123,24.972282584289992,6.778722344875943,25,2.9000000000000767,2.9000000000000767,0,1750400.696403712,100236.7186730355,0,0,0.650570470939158,0.650570470939158,0.9749212087922987,agent,3.550570470939114,2.9,15.300000000000045,15.299999999999972,15.299999999999972
69,5,7,22.099999999999962,22.099999999999962,54.94061475301768,15.779092702169626,375.1350224919211,28.63837561352737,6.7298968259984395,73.2850289167124,4.206348020459881,25.19114893837767,6.76706897733894,25,2.9000000000000377,2.9000000000000377,0,3220314.5068849325,184836.70882751048,0,0,1.2381607297414625,1.2381607297414625,0.9749212087922987,agent,4.138160729741518,2.9,15.80000000000005,15.799999999999972,15.799999999999972
70,5,7,19.629035861681146,19.629035861681146,54.94061475301768,14.577792289462412,375.1350224919211,32.12487015990653,6.532830786394433,73.2850289167124,4.206348020459882,25.19114893837767,6.76706897733894,25,5.370964138318854,5.370964138318854,0,0,0,0.42903586168114816,0.42903586168114816,0,0,0.9749212087922987,agent,0,2.9,15.599999999999945,15.599999999999977,15.599999999999977
71,5,7,21.369491593529556,21.369491593529556,54.94061475301768,13.558194281817313,375.1350224919211,34.852933649877514,6.3786333079227715,73.28502891671239,4.206348020459882,25.19114893837767,6.76706897733894,25,3.630508406470444,3.630508406470444,0,0,0,0.3641421455875347,0.3641421455875347,0,0,0.9749212087922987,agent,4.276313586260871,2.9,16.09999999999994,16.099999999999973,16.099999999999973
72,5,7,18.922318883830087,18.922318883830087,54.94061475301768,12.290277868975764,375.1350224919211,38.0205541139892,6.1995908882295065,73.28502891671239,4.206348020459882,25.19114893837767,6.76706897733894,25,6.077681116169913,6.077681116169913,0,0,0,0.4528272903005529,0.4528272903005529,0,0,0.9749212087922987,agent,0,2.9,15.900000000000059,15.900000000000025,15.900000000000025
73,5,7,22.099999999999923,22.099999999999923,54.94061475301768,8.648703974286365,375.1350224919211,46.36841112214411,5.727747580318382,73.2850289167124,4.206348020459882,25.19114893837767,6.76706897733894,25,2.9000000000000767,2.9000000000000767,0,0,0,1.3005621052462146,1.3005621052462146,0,0,0.9749212087922987,agent,4.777119010923615,2.9,16.40000000000006,16.400000000000027,16.400000000000027
74,5,7,20.856126190753216,20.856126190753216,54.94061475301768,4.011550640177236,375.1350224919211,54.48213826125141,5.26913792168806,73.28502891671239,4.206348020459882,25.19114893837767,6.76706897733894,25,4.143873809246784,4.143873809246784,0,0,0,1.6561261907532596,1.6561261907532596,0,0,0.9749212087922987,agent,0,2.9,16.90000000000006,16.90000000000003,16.90000000000003
75,5,7,21.97858163081829,21.97858163081829,54.94061475301768,4.011550640177236,375.1350224919211,54.48213826125141,5.26913792168806,73.28502891671239,4.206348020459882,25.19114893837767,6.76706897733894,25,3.02141836918171,3.02141836918171,0,0,0,0,0,0,0,0.9749212087922987,agent,4.022455440065051,2.9,17.40000000000006,17.400000000000034,17.400000000000034
76,6,7,22.099999999999923,22.099999999999923,54.94061475301768,8.358817672304651,375.1350224919211,54.48213826125141,5.26913792168806,68.67641941709581,4.280964834139255,25.19114893837767,6.76706897733894,25,2.9000000000000767,2.9000000000000767,0,0,0,0,0,1.5525953686169345,1.5525953686169345,0.9749212087922987,agent,4.574013737798628,2.9,17.90000000000006,17.900000000000034,17.900000000000034
77,6,7,21.809999999999988,21.809999999999988,54.94061475301768,14.537458245774292,375.1350224919211,54.48213826125141,5.26913792168806,95.89162028252997,4.160282890542455,25.19114893837767,6.76706897733894,25,3.190000000000012,3.190000000000012,0,0,0,0,0,2.206657347667729,2.206657347667729,0.9749212087922987,agent,5.10665734766779,3.19,18.400000000000063,18.400000000000034,18.400000000000034
78,6,7,19.06545229211719,19.06545229211719,54.94061475301768,13.290191827846318,375.1350224919211,57.83957224059155,5.179233209578465,95.89162028252997,4.160282890542455,25.19114893837767,6.76706897733894,25,5.93454770788281,5.93454770788281,0,0,0,0.4454522921171333,0.4454522921171333,0,0,0.9749212087922987,agent,0,3.19,18.199999999999932,18.20000000000003,18.20000000000003
79,6,7,20.79865867091398,20.79865867091398,54.94061475301768,12.224325411516281,375.1350224919211,60.47608130606207,5.1086332841699384,95.89162028252997,4.160282890542455,25.19114893837767,6.76706897733894,25,4.20134132908602,4.20134132908602,0,0,0,0.38066657726072767,0.38066657726072767,0,0,0.9749212087922987,agent,4.54253980153612,3.19,18.699999999999932,18.70000000000003,18.70000000000003
80,6,7,21.14302540231716,21.14302540231716,54.94061475301768,12.224325411516281,375.1350224919211,60.47608130606207,5.1086332841699384,95.89162028252997,4.160282890542455,25.19114893837767,6.76706897733894,25,3.8569745976828393,3.8569745976828393,0,0,0,0,0,0,0,0.9749212087922987,agent,3.5343667314032072,3.19,19.199999999999925,19.20000000000003,19.20000000000003
81,6,7,21.810000000000098,21.810000000000098,54.94061475301768,14.445275637367486,375.1350224919211,60.47608130606207,5.1086332841699384,101.20084246928585,4.1420257351695975,25.19114893837767,6.76706897733894,25,3.189999999999902,3.189999999999902,0,0,0,0,0,0.7931965092325726,0.7931965092325726,0.9749212087922987,agent,4.65017110691543,3.19,19.699999999999925,19.70000000000003,19.70000000000003
82,6,7,21.810000000000098,21.810000000000098,54.94061475301768,15.779092702169626,375.74640977831507,60.47608130606207,5.1086332841699384,104.92764616460477,4.105005583436699,25.32089037940558,6.762737460996397,25,3.189999999999902,3.189999999999902,0,1658763.4959369004,64894.55983544886,0,0,0.9218025460877897,0.9218025460877897,0.9749212087922987,agent,4.1118025460877945,3.19,20.19999999999992,20.200000000000028,20.200000000000028
83,6,7,21.809999999999942,21.809999999999942,54.94061475301768,15.779092702169626,378.8318055692651,60.47608130606207,5.1086332841699384,107.91616797688476,3.9542306191523466,25.993587650609275,6.739863575907317,25,3.190000000000058,3.190000000000058,0,8609452.486800283,315464.87681747973,0,0,2.2479312191207583,2.2479312191207583,0.9749212087922987,agent,5.437931219120622,3.19,20.69999999999992,20.70000000000002,20.70000000000002
84,6,7,21.337346875108988,21.337346875108988,54.94061475301768,15.779092702169626,378.8318055692651,60.47608130606207,5.1086332841699384,107.91616797688476,3.9542306191523466,25.993587650609275,6.739863575907317,25,3.662653124891012,3.662653124891012,0,0,0,0,0,0,0,0.9749212087922987,agent,2.7173468751090795,3.19,21.199999999999918,21.200000000000017,21.200000000000017
85,6,7,21.80999999999995,21.80999999999995,54.94061475301768,15.779092702169626,381.87559717339514,60.47608130606207,5.1086332841699384,107.3764741559395,3.7652080706856084,26.64226106283653,6.716153677922237,25,3.190000000000051,3.190000000000051,0,8450884.953136265,296334.3738012314,0,0,2.217619597294707,2.217619597294707,0.9749212087922987,agent,5.880272722185662,3.19,21.699999999999918,21.700000000000014,21.700000000000014
86,6,7,19.06545229211706,19.06545229211706,54.94061475301768,14.531826284241651,381.87559717339514,64.27871212664719,4.99970988691187,107.37647415593949,3.7652080706856084,26.64226106283653,6.716153677922237,25,5.934547707882938,5.934547707882938,0,0,0,0.4454522921171333,0.4454522921171333,0,0,0.9749212087922987,agent,0,3.19,21.500000000000004,21.500000000000004,21.500000000000004
87,6,7,19.58296497076368,19.58296497076368,54.94061475301768,13.284559866313678,381.87559717339514,67.77302994004818,4.899617875540529,107.37647415593949,3.7652080706856084,26.64226106283653,6.716153677922237,25,5.41703502923632,5.41703502923632,0,0,0,0.4454522921171333,0.4454522921171333,0,0,0.9749212087922987,agent,3.2620603865294835,3.19,21.300000000000082,21.299999999999986,21.299999999999986
88,6,7,16.796212524190196,16.796212524190196,54.94061475301768,12.155466716719502,381.87559717339514,70.67980338244828,4.816355614925646,107.37647415593948,3.7652080706856084,26.64226106283653,6.716153677922237,25,8.203787475809804,8.203787475809804,0,0,0,0.4032475534264913,0.4032475534264913,0,0,0.9749212087922987,agent,0,3.19,21.09999999999997,21.099999999999962,21.099999999999962
89,6,7,14.948890973130121,14.948890973130121,54.94061475301768,8.395967059687703,381.87559717339514,79.64800099307004,4.559468581416486,107.37647415593949,3.7652080706856084,26.64226106283653,6.716153677922237,25,10.051109026869879,10.051109026869879,0,0,0,1.3426784489399284,1.3426784489399284,0,0,0.9749212087922987,agent,0,3.19,20.900000000000038,20.90000000000005,20.90000000000005
90,6,7,17.780416390981813,17.780416390981813,54.94061475301768,4.466297408827857,381.87559717339514,86.73121646273474,4.356575392761358,107.37647415593949,3.7652080706856084,26.64226106283653,6.716153677922237,25,7.219583609018187,7.219583609018187,0,0,0,1.403453446735659,1.403453446735659,0,0,0.9749212087922987,agent,4.618071971116009,3.19,20.69999999999992,20.70000000000002,20.70000000000002
91,6,7,15.95753395459799,15.95753395459799,54.94061475301768,0.6383682307023905,381.87559717339514,91.86848959385004,4.2094222063267175,107.37647415593945,3.765208070685609,26.64226106283653,6.716153677922237,25,9.04246604540201,9.04246604540201,0,0,0,1.3671175636162378,1.3671175636162378,0,0,0.9749212087922987,agent,0,3.19,20.500000000000004,20.500000000000004,20.500000000000004
92,6,8,18.1386916656636,18.1386916656636,54.94061475301768,0,378.1290920733108,60.105895359451715,5.436399713150177,0,0,26.642261062836532,6.716153677922237,25,6.8613083343364,6.8613083343364,96873.38237287966,0,0,2.957585226740844,2.957585226740844,0,0,0.9749212087922987,agent,2.4135724843247246,3.19,20.30000000000008,20.29999999999998,20.29999999999998
93,6,8,17.906276892404488,17.906276892404488,54.94061475301768,0,374.069661369941,42.09161742069036,6.125322004443791,0,0,26.642261062836532,6.716153677922237,25,7.093723107595512,7.093723107595512,104964.69969703257,0,0,2.957585226740844,2.957585226740844,0,0,0.9749212087922987,agent,0,3.19,20.09999999999995,20.099999999999966,20.099999999999966
94,6,8,21.275336821689216,21.275336821689216,54.94061475301768,0,368.279488383752,30.22899926676198,6.5789855987953,0,0,26.64226106283653,6.716153677922236,25,3.7246631783107844,3.7246631783107844,149716.50290389056,0,0,4.2185546042234625,4.2185546042234625,0,0,0.9749212087922987,agent,2.3405053250612937,3.19,20.599999999999962,20.599999999999962,20.599999999999962
95,6,8,21.80999999999996,21.80999999999996,54.94061475301768,0,363.1672055899921,27.797393472313185,6.67197780426305,0,0,26.642261062836525,6.716153677922236,25,3.1900000000000404,3.1900000000000404,132188.2961982498,0,0,3.7246631783107844,3.7246631783107844,0,0,0.9749212087922987,agent,0,3.19,21.09999999999997,21.099999999999962,21.099999999999962
96,6,8,21.80999999999999,21.80999999999999,54.94061475301768,0.4122704409150572,363.1672055899921,27.797393472313185,6.67197780426305,151.02719261497066,7.40816169870706,26.642261062836525,6.716153677922236,25,3.1900000000000084,3.1900000000000084,0,0,0,0,0,0.147239443183949,0.147239443183949,0.9749212087922987,agent,3.3372394431840013,3.19,21.59999999999998,21.599999999999962,21.599999999999962
97,6,8,21.809999999999988,21.809999999999988,54.94061475301768,0,360.7330045491186,30.727042526861055,6.705967367013058,0,0,26.642261062836525,6.716153677922235,25,3.190000000000012,3.190000000000012,62941.13631386543,0,0,1.9207287729631908,1.9207287729631908,0,0,0.9749212087922987,agent,1.2692712270368047,3.19,22.099999999999987,22.099999999999962,22.099999999999962
98,6,8,21.80999999999999,21.80999999999999,54.94061475301768,0,356.35457317656966,28.355308441100288,6.7118818133559595,0,0,26.642261062836525,6.716153677922235,25,3.1900000000000084,3.1900000000000084,113213.10000000056,0,0,3.190000000000012,3.190000000000012,0,0,0.9749212087922987,agent,0,3.19,22.599999999999994,22.599999999999955,22.599999999999955
99,6,8,21.80999999999996,21.80999999999996,54.94061475301768,0.9955523714535915,356.35457317656966,28.355308441100288,6.7118818133559595,154.8808702697697,8.653375686025312,26.642261062836525,6.716153677922235,25,3.1900000000000404,3.1900000000000404,0,0,0,0,0,0.35555441837628265,0.35555441837628265,0.9749212087922987,agent,3.5455544183762524,3.19,23.100000000000005,23.099999999999955,23.099999999999955
100,6,8,21.80999999999996,21.80999999999996,54.94061475301768,4.4511223324690805,356.35457317656966,28.355308441100288,6.7118818133559595,149.2244340162936,8.337343965257432,26.642261062836525,6.716153677922235,25,3.1900000000000404,3.1900000000000404,0,0,0,0,0,1.2341321289341032,1.2341321289341032,0.9749212087922987,agent,4.424132128934097,3.19,23.600000000000012,23.599999999999955,23.599999999999955
101,6,8,21.144253117201973,21.144253117201973,54.94061475301768,4.4511223324690805,356.35457317656966,28.355308441100288,6.7118818133559595,149.2244340162936,8.337343965257432,26.642261062836525,6.716153677922235,25,3.8557468827980266,3.8557468827980266,0,0,0,0,0,0,0,0.9749212087922987,agent,2.5242531172019866,3.19,24.100000000000023,24.099999999999955,24.099999999999955
102,6,8,20.79525409337004,20.79525409337004,54.94061475301767,0,354.63708278401987,62.938187221116166,7.183176278015668,0,0,26.642261062836525,6.716153677922234,25,4.2047459066299595,4.2047459066299595,44409.14908015961,0,0,2.8410009761680817,2.8410009761680817,0,0,0.9749212087922986,agent,0,3.19,24.600000000000026,24.59999999999995,24.59999999999995
103,6,8,21.809999999999985,21.809999999999985,54.94061475301767,0,352.0857775719682,50.65817156627145,7.025168329263948,0,0,26.642261062836525,6.716153677922234,25,3.1900000000000155,3.1900000000000155,65969.09886802034,0,0,1.8588080830662221,1.8588080830662221,0,0,0.9749212087922986,agent,2.345937823563728,3.19,25.10000000000003,25.09999999999995,25.09999999999995
104,6,8,21.809999999999988,21.809999999999988,54.94061475301767,0,347.70734619941913,36.713887387734864,6.845746103609669,0,0,26.64226106283653,6.716153677922235,25,3.190000000000012,3.190000000000012,113213.10000000056,0,0,3.1900000000000155,3.1900000000000155,0,0,0.9749212087922986,agent,0,3.19,25.60000000000004,25.59999999999995,25.59999999999995
105,6,8,21.375237232930417,21.375237232930417,54.94061475301767,0,347.70734619941913,36.713887387734864,6.845746103609669,0,0,26.64226106283653,6.716153677922235,25,3.6247627670695834,3.6247627670695834,0,0,0,0,0,0,0,0.9749212087922986,agent,2.7552372329303587,3.19,26.100000000000048,26.09999999999995,26.09999999999995
106,6,8,21.80999999999995,21.80999999999995,54.94061475301767,0,342.73218161716676,30.069029795506317,6.760246186719817,0,0,26.64226106283653,6.716153677922236,25,3.190000000000051,3.190000000000051,128642.83060329966,0,0,3.6247627670695834,3.6247627670695834,0,0,0.9749212087922986,agent,0,3.19,26.60000000000005,26.59999999999995,26.59999999999995
107,6,8,21.773609820655402,21.773609820655402,54.94061475301767,0,342.73218161716676,30.069029795506317,6.760246186719817,0,0,26.64226106283653,6.716153677922236,25,3.226390179344598,3.226390179344598,0,0,0,0,0,0,0,0.9749212087922986,agent,3.153609820655445,3.19,27.100000000000055,27.099999999999948,27.099999999999948
108,6,8,21.177707325506915,21.177707325506915,54.94061475301767,0,342.73218161716676,30.069029795506317,6.760246186719817,0,0,26.64226106283653,6.716153677922236,25,3.8222926744930845,3.8222926744930845,0,0,0,0,0,0,0,0.9749212087922986,agent,2.5940975048515478,3.19,27.600000000000062,27.599999999999948,27.599999999999948
109,6,8,21.80999999999999,21.80999999999999,54.94061475301767,0,337.485897554137,27.68498056654383,6.7295704336117295,0,0,26.642261062836532,6.716153677922236,25,3.1900000000000084,3.1900000000000084,135653.16701775976,0,0,3.8222926744930845,3.8222926744930845,0,0,0.9749212087922986,agent,0,3.19,28.10000000000007,28.099999999999948,28.099999999999948
110,6,8,21.809999999999942,21.809999999999942,54.94061475301767,0,335.9337395680076,27.470354709608138,6.726808825454486,0,0,26.642261062836532,6.716153677922236,25,3.190000000000058,3.190000000000058,40134.14904734865,0,0,1.1308579613228638,1.1308579613228638,0,0,0.9749212087922986,agent,2.0591420386770336,3.19,28.600000000000072,28.599999999999948,28.599999999999948
111,7,8,21.80999999999996,21.80999999999996,54.94061475301767,0,331.5553081954585,26.98954124491053,6.720622159946522,0,0,26.64226106283653,6.716153677922235,25,3.1900000000000404,3.1900000000000404,113213.10000000196,0,0,3.190000000000058,3.190000000000058,0,0,0.9749212087922986,agent,0,3.19,29.10000000000008,29.099999999999948,29.099999999999948
112,7,8,21.23000000000002,21.23000000000002,54.94061475301767,0,327.17687682290943,26.78790102195412,6.718027638985744,0,0,26.64226106283653,6.716153677922236,25,3.7699999999999783,3.7699999999999783,113213.10000000149,0,0,3.1900000000000404,3.1900000000000404,0,0,0.9749212087922986,agent,0,3.77,29.600000000000083,29.599999999999948,29.599999999999948
113,7,8,20.929748902414094,20.929748902414094,54.94061475301767,0,327.17687682290943,26.78790102195412,6.718027638985744,0,0,26.64226106283653,6.716153677922236,25,4.070251097585906,4.070251097585906,0,0,0,0,0,0,0,0.9749212087922986,agent,3.4697489024140764,3.77,30.100000000000087,30.099999999999948,30.099999999999948
114,7,8,21.230000000000015,21.230000000000015,54.94061475301767,0,321.59025766936014,26.680004303630966,6.716639323236118,0,0,26.64226106283653,6.716153677922236,25,3.7699999999999854,3.7699999999999854,144453.21145332372,0,0,4.070251097585906,4.070251097585906,0,0,0.9749212087922986,agent,0,3.77,30.60000000000009,30.599999999999945,30.599999999999945
115,7,8,21.230000000000015,21.230000000000015,54.94061475301767,0,319.04454418928174,26.66726260492198,6.716475374774389,0,0,26.64226106283653,6.716153677922235,25,3.7699999999999854,3.7699999999999854,65824.5134543879,0,0,1.8547341069142895,1.8547341069142895,0,0,0.9749212087922986,agent,1.9152658930857038,3.77,31.100000000000094,31.099999999999945,31.099999999999945
116,7,8,21.230000000000004,21.230000000000004,54.94061475301767,0,317.07859145197443,26.660744542864407,6.716391506345838,0,0,26.64226106283653,6.716153677922235,25,3.769999999999996,3.769999999999996,50833.63992855465,0,0,1.4323369943238902,1.4323369943238902,0,0,0.9749212087922986,agent,2.3376630056760934,3.77,31.6000000000001,31.599999999999945,31.599999999999945
117,7,8,21.23000000000002,21.23000000000002,54.94061475301767,1.0293935493478201,317.07859145197443,26.660744542864407,6.716391506345838,185.22724666141465,16.224272153088556,26.64226106283653,6.716153677922235,25,3.7699999999999783,3.7699999999999783,0,0,0,0,0,0.3676405533385072,0.3676405533385072,0.9749212087922986,agent,4.137640553338569,3.77,32.1000000000001,32.099999999999945,32.099999999999945
118,7,8,21.230000000000015,21.230000000000015,54.94061475301767,0,316.10530266438747,37.26899310612864,7.352590040189844,0,0,26.642261062836532,6.716153677922235,25,3.7699999999999854,3.7699999999999854,25166.328180634882,0,0,1.0767509557232664,1.0767509557232664,0,0,0.9749212087922986,agent,2.6932490442766985,3.77,32.60000000000011,32.599999999999945,32.599999999999945
119,7,8,20.474860451460298,20.474860451460298,54.94061475301767,0,316.10530266438747,37.26899310612864,7.352590040189844,0,0,26.642261062836532,6.716153677922235,25,4.525139548539702,4.525139548539702,0,0,0,0,0,0,0,0.9749212087922986,agent,3.014860451460323,3.77,33.100000000000115,33.099999999999945,33.099999999999945
120,7,8,21.230000000000015,21.230000000000015,54.94061475301767,0,313.5148823242762,33.61852471055046,7.1339630138575885,0,0,26.64226106283653,6.716153677922235,25,3.7699999999999854,3.7699999999999854,66980.49873425858,0,0,1.8873062477953937,1.8873062477953937,0,0,0.9749212087922986,agent,2.637833300744278,3.77,33.600000000000115,33.599999999999945,33.599999999999945
121,8,8,21.230000000000015,21.230000000000015,54.94061475301767,0,308.3403725203546,28.831444320184637,6.847264147534882,0,0,26.64226106283653,6.716153677922236,0,0,0,133797.29999999935,0,0,3.7699999999999854,3.7699999999999854,0,0,0.9749212087922986,agent,0,3.77,33.399999999999885,33.40000000000006,33.40000000000006
122,8,8,17.704927949473635,17.704927949473635,54.94061475301767,8.4,308.3403725203546,28.831444320184637,6.847264147534882,205.73958119230286,19.21676335781269,26.64226106283653,6.716153677922236,0,0,0,0,0,0,0,0,3,3,0.9749212087922986,agent,2.374927949473666,2.9,33.19999999999988,33.199999999999946,33.199999999999946
123,8,9,11.804927949473651,11.804927949473651,54.94061475301767,15.779092702169626,308.840817274193,28.831444320184637,6.847264147534882,222.5892624550675,20.790579808709754,26.959773008772263,6.738959836714988,0,0,0,0,2880305.056168556,269030.10272470117,0,0,3,3,0.9749212087922986,agent,0,2.9,33,33,33
124,8,9,8.709064289057071,8.709064289057071,54.94061475301767,15.779092702169626,312.95846433301654,28.831444320184637,6.847264147534882,228.988809795022,21.388318883108266,29.617902965067838,6.931703913215966,0,0,0,0,2.438043857887602E7,2277214.3114845306,0,0,3,3,0.9749212087922986,agent,2.8041363395833994,2.9,33.5,33.5,33.5
125,8,9,2.8090642890570616,2.8090642890570616,54.94061475301767,15.779092702169626,317.0761113918401,28.831444320184637,6.847264147534882,261.0456391422401,24.382533705541864,32.623294109222776,7.158325709645156,0,0,0,0,2.7793529199474275E7,2596008.363629043,0,0,3,3,0.9749212087922986,agent,0,2.9,34,34,34
126,8,9,0,0,54.94061475301767,15.779092702169626,320.93168982780077,28.831444320184637,6.847264147534882,391.40555649071666,36.55858494717536,36.933598133065054,7.511531731738819,0,0,0,0,3.902066484660578E7,3644660.2937373817,0,0,2.8090642890570616,2.8090642890570616,0.9749212087922986,agent,0,2.9,34.5,34.5,34.5
127,8,9,0,0,54.94061475301767,15.779092702169626,325.0493368866243,28.831444320184637,6.847264147534882,255.4283006432712,23.85785554682374,39.70143663345085,7.718603042280326,0,0,0,0,2.7195451169489086E7,2540145.8800703287,0,0,3,3,0.9749212087922986,agent,4.963732803884586,2.9,35,35,35
128,8,9,0,0,54.94061475301767,15.779092702169626,325.0493368866243,28.831444320184637,6.847264147534882,255.4283006432712,23.85785554682374,39.70143663345085,7.718603042280326,0,0,0,0,0,0,0,0,0,0,0.9749212087922986,agent,0,2.9,35.5,35.5,35.5
129,8,9,0,0,54.94061475301767,15.779092702169626,325.0493368866243,28.831444320184637,6.847264147534882,255.4283006432712,23.85785554682374,39.70143663345085,7.718603042280326,0,0,0,0,0,0,0,0,0,0,0.9749212087922986,agent,0,2.9,36,36,36
130,8,9,0,0,54.94061475301767,15.779092702169626,325.0493368866243,28.831444320184637,6.847264147534882,255.4283006432712,23.85785554682374,39.70143663345085,7.718603042280326,0,0,0,0,0,0,0,0,0,0,0.9749212087922986,agent,0,2.9,36.5,36.5,36.5
131,8,9,0,0,54.94061475301767,15.779092702169626,329.16698394544784,28.831444320184637,6.847264147534882,166.69057372223787,15.5694557684757,41.28998126988024,7.8168116786684525,0,0,0,0,1.7747545384206653E7,1657679.9556696117,0,0,3,3,0.9749212087922986,agent,3.998042445792008,2.9,37,37,37
132,8,9,0,0,54.94061475301767,15.779092702169626,329.16698394544784,28.831444320184637,6.847264147534882,166.69057372223787,15.5694557684757,41.28998126988024,7.8168116786684525,0,0,0,0,0,0,0,0,0,0,0.9749212087922986,agent,0,2.9,37.5,37.5,37.5
133,8,9,0,0,54.94061475301767,15.779092702169626,333.2846310042714,28.831444320184637,6.847264147534882,108.781005463659,10.16050887099925,42.12381575072955,7.845767462863164,0,0,0,0,1.1581913651715755E7,1081789.379495293,0,0,3,3,0.9749212087922986,agent,3.65683398334544,2.9,38,38,38
134,8,9,0,0,54.94061475301767,15.779092702169626,336.43320845469674,28.831444320184637,6.847264147534882,77.31063986249357,7.221071719252633,42.453118679709874,7.839921122840003,0,0,0,0,6294073.120233059,587887.4303493202,0,0,2.2939635710241575,2.2939635710241575,0.9749212087922986,agent,2.2939635710241513,2.9,38.5,38.5,38.5
135,8,9,0,0,54.94061475301767,15.779092702169626,340.5508555135203,28.831444320184637,6.847264147534882,50.45233782262118,4.712416692826465,42.54983833447928,7.802106038222806,0,0,0,0,5371660.407974482,501731.00528523326,0,0,3,3,0.9749212087922986,agent,3.317140477609735,2.9,39,39,39
136,8,9,0,0,54.94061475301767,15.779092702169626,340.5508555135203,28.831444320184637,6.847264147534882,50.45233782262118,4.712416692826465,42.54983833447928,7.802106038222806,0,0,0,0,0,0,0,0,0,0,0.9749212087922986,agent,0,2.9,39.5,39.5,39.5
137,8,9,0,0,54.94061475301767,15.779092702169626,340.5508555135203,28.831444320184637,6.847264147534882,50.45233782262118,4.712416692826465,42.54983833447928,7.802106038222806,0,0,0,0,0,0,0,0,0,0,0.9749212087922986,agent,0,2.9,40,40,40
138,8,9,0,0,54.94061475301767,15.779092702169626,340.5508555135203,28.831444320184637,6.847264147534882,50.45233782262118,4.712416692826465,42.54983833447928,7.802106038222806,0,0,0,0,0,0,0,0,0,0,0.9749212087922986,agent,0,2.9,40.5,40.5,40.5
139,8,9,0,0,54.94061475301767,15.779092702169626,344.6685025723438,28.831444320184637,6.847264147534882,32.92481340595894,3.0752874296514925,42.43485116480106,7.745636211139924,0,0,0,0,3505504.8833324313,327425.8526349962,0,0,3,3,0.9749212087922986,agent,3.4425885898384743,2.9,41,41,41
140,8,9,0,0,54.94061475301767,15.779092702169626,347.5243733280777,28.831444320184637,6.847264147534882,24.04637920292813,2.246012051142379,42.28373917568894,7.700441637718631,0,0,0,0,1775686.840606153,165855.07570181787,0,0,2.0807058363203974,2.0807058363203974,0.9749212087922986,agent,2.0807058363203996,2.9,41.5,41.5,41.5
141,8,9,0,0,54.94061475301767,15.779092702169626,350.16011957925974,28.831444320184637,6.847264147534882,17.934854253772475,1.6751752290652557,42.10045878890327,7.655087891072486,0,0,0,0,1222304.9898311496,114167.36441542208,0,0,1.920329411575494,1.920329411575494,0.9749212087922986,agent,1.9203294115754928,2.9,42,42,42
142,8,9,0,0,54.94061475301767,15.779092702169626,354.2777666380833,28.831444320184637,6.847264147534882,11.704150000830406,1.0932066623586358,41.74717308128459,7.578821431570485,0,0,0,0,1246140.850588441,116393.71334132552,0,0,3,3,0.9749212087922986,agent,4.229384084169944,2.9,42.5,42.5,42.5
143,8,9,0,0,54.94061475301767,15.779092702169626,357.48290345946924,28.831444320184637,6.847264147534882,8.27513267890237,0.7729250031686109,41.44706790662481,7.517800809229917,0,0,0,0,685803.4643856287,64056.33183801174,0,0,2.3351711127240247,2.3351711127240247,0.9749212087922986,agent,2.335171112724021,2.9,43,43,43
144,8,9,0,0,54.94061475301767,15.779092702169626,361.6005505182928,28.831444320184637,6.847264147534882,5.400288888897686,0.5044050009257747,41.03659310676717,7.437937300778295,0,0,0,0,574968.7580009103,53704.000448569655,0,0,3,3,0.9749212087922986,agent,3.8618502496957707,2.9,43.5,43.5,43.5
145,8,9,0,0,54.94061475301767,15.779092702169626,365.2028581637443,28.831444320184637,6.847264147534882,3.6843823405246345,0.34413360398254156,40.668156356041024,7.367965057349571,0,0,0,0,343181.3096746206,32054.27938865125,0,0,2.6245384274003776,2.6245384274003776,0.9749212087922986,agent,2.6245384274003745,2.9,44,44,44
146,8,9,0,0,54.94061475301767,15.779092702169626,367.0804158964487,28.831444320184637,6.847264147534882,2.964724872396699,0.27691519523711466,40.47530932235025,7.331695469202005,0,0,0,0,143931.49362558126,13443.681749090552,0,0,1.3679349195417796,1.3679349195417796,0.9749212087922986,agent,1.3679349195417796,2.9,44.5,44.5,44.5
147,8,9,0,0,54.94061475301767,15.779092702169626,368.7390478482788,28.831444320184637,6.847264147534882,2.441235525209097,0.2280195435256571,40.30422754940994,7.299742292736079,0,0,0,0,104697.86943751574,9779.130342289805,0,0,1.2084318506190954,1.2084318506190954,0.9749212087922986,agent,1.2084318506190974,2.9,45,45,45
148,8,9,0,0,54.94061475301767,15.779092702169626,368.7390478482788,28.831444320184637,6.847264147534882,2.441235525209097,0.2280195435256571,40.30422754940994,7.299742292736079,0,0,0,0,0,0,0,0,0,0,0.9749212087922986,agent,0,2.9,45.5,45.5,45.5
149,8,9,0,0,54.94061475301767,15.779092702169626,368.7390478482788,28.831444320184637,6.847264147534882,2.441235525209097,0.2280195435256571,40.30422754940994,7.299742292736079,0,0,0,0,0,0,0,0,0,0,0.9749212087922986,agent,0,2.9,46,46,46
150,8,9,0,0,54.94061475301767,15.779092702169626,368.7390478482788,28.831444320184637,6.847264147534882,2.441235525209097,0.2280195435256571,40.30422754940994,7.299742292736079,0,0,0,0,0,0,0,0,0,0,0.9749212087922986,agent,0,2.9,46.5,46.5,46.5
